{"cameraMode":{"drawMode":0,"name":"Shaded","section":"Shading Mode"},"sceneLighting":false,"audioPlay":false,"sceneViewState":{"showFog":true,"showMaterialUpdate":false,"showSkybox":false,"showFlares":true,"showImageEffects":true,"showParticleSystems":true},"in2DMode":false,"pivot":{"x":0.0,"y":-1.1871147155761719,"z":-257.0450744628906},"rotation":{"x":-0.030288124457001687,"y":0.9585825800895691,"z":-0.11151173710823059,"w":-0.2603471279144287},"size":26.698652267456056,"orthographic":false}