{"cameraMode":{"drawMode":0,"name":"Shaded","section":"Shading Mode"},"sceneLighting":false,"audioPlay":false,"sceneViewState":{"showFog":true,"showMaterialUpdate":false,"showSkybox":false,"showFlares":true,"showImageEffects":true,"showParticleSystems":true},"in2DMode":false,"pivot":{"x":4.820457458496094,"y":-4.2962727546691898,"z":-21.834840774536134},"rotation":{"x":-0.33027583360671999,"y":-0.3533678650856018,"z":0.1349363625049591,"w":-0.8647978901863098},"size":14.965557098388672,"orthographic":false}