{"cameraMode":{"drawMode":0,"name":"Shaded","section":"Shading Mode"},"sceneLighting":false,"audioPlay":false,"sceneViewState":{"showFog":true,"showMaterialUpdate":false,"showSkybox":false,"showFlares":true,"showImageEffects":true,"showParticleSystems":true},"in2DMode":false,"pivot":{"x":0.5916612148284912,"y":0.020556747913360597,"z":1.8088123798370362},"rotation":{"x":-0.0006892436067573726,"y":0.999311625957489,"z":-0.025797560811042787,"w":-0.02668706327676773},"size":1.4940989017486573,"orthographic":false}