{"cameraMode":{"drawMode":0,"name":"Shaded","section":"Shading Mode"},"sceneLighting":true,"audioPlay":false,"sceneViewState":{"showFog":true,"showMaterialUpdate":false,"showSkybox":true,"showFlares":true,"showImageEffects":true,"showParticleSystems":true},"in2DMode":false,"pivot":{"x":740.6693115234375,"y":2502.664306640625,"z":0.0},"rotation":{"x":-0.04529038816690445,"y":0.012582413852214814,"z":-0.0005914853536523879,"w":-0.9989162087440491},"size":1135.5438232421875,"orthographic":false}