{"cameraMode":{"drawMode":0,"name":"Shaded","section":"Shading Mode"},"sceneLighting":false,"audioPlay":false,"sceneViewState":{"showFog":true,"showMaterialUpdate":false,"showSkybox":false,"showFlares":true,"showImageEffects":true,"showParticleSystems":true},"in2DMode":false,"pivot":{"x":1.190000057220459,"y":-4.2962727546691898,"z":-34.349998474121097},"rotation":{"x":-0.33027583360671999,"y":-0.3533678650856018,"z":0.1349363625049591,"w":-0.8647978901863098},"size":0.44434475898742678,"orthographic":false}