{"cameraMode":{"drawMode":0,"name":"Shaded","section":"Shading Mode"},"sceneLighting":false,"audioPlay":false,"sceneViewState":{"showFog":true,"showMaterialUpdate":false,"showSkybox":false,"showFlares":true,"showImageEffects":true,"showParticleSystems":true},"in2DMode":false,"pivot":{"x":0.018149852752685548,"y":0.0,"z":-31.790000915527345},"rotation":{"x":-0.08934379369020462,"y":0.7074188590049744,"z":-0.09090933203697205,"w":-0.6952162981033325},"size":43.93815231323242,"orthographic":false}